,Product Name,Prices,Description,Reviews
0,"SAMSUNG Galaxy S23 Ultra 5G (Cream, 512 GB)","₹1,34,999",12 GB RAM | 512 GB ROM17.27 cm (6.8 inch) Quad HD+ Display200MP + 10MP + 12MP + 10MP | 12MP Front Camera5000 mAh Lithium Ion BatteryQualcomm Snapdragon 8 Gen 2 Processor1 Year Manufacturer Warranty for Device and 6 Months Manufacturer Warranty for In-Box Accessories,4.6
1,"OPPO F21 Pro 5G (Rainbow Spectrum, 128 GB)","₹23,389",8 GB RAM | 128 GB ROM16.33 cm (6.43 inch) Display16MP Rear Camera4500 mAh Battery12 months,4.2
2,"SAMSUNG Galaxy Z Flip5 (Graphite, 512 GB)","₹1,09,999",8 GB RAM | 512 GB ROM17.02 cm (6.7 inch) Display12MP + 12MP | 10MP Front Camera3700 mAh BatterySnapdragon 8 Gen 2 Processor1 Year Manufacturer Warranty for Device and 6 Months Manufacturer Warranty for In-Box Accessories,4.4
3,"REDMI Note 12 Pro 5G (Onyx Black, 256 GB)","₹23,999",8 GB RAM | 256 GB ROM16.94 cm (6.67 inch) Full HD+ AMOLED Display50MP (OIS) + 8MP + 2MP | 16MP Front Camera5000 mAh Lithium Polymer BatteryMediatek Dimensity 1080 Processor1 Year Manufacturer Warranty for Phone and 6 Months Warranty for In the Box Accessories,4.2
4,"OPPO Reno10 Pro+ 5G (Silvery Grey, 256 GB)","₹54,999",12 GB RAM | 256 GB ROM17.12 cm (6.74 inch) Full HD+ Display50MP + 64MP + 8MP | 32MP Front Camera4700 mAh BatterySnapdragon 8+ Gen 1 Processor1 Year Manufacturer Warranty for Phone and 6 Months Warranty for In the Box Accessories,4.5
5,"vivo V27 Pro 5G (Magic Blue, 128 GB)","₹34,190",8 GB RAM | 128 GB ROM17.22 cm (6.78 inch) Full HD+ Display50MP (OIS) + 8MP + 2MP | 50MP Front Camera4600 mAh BatteryMediatek Dimensity 8200 Processor1 Year Manufacturer Warranty for Phone and 6 Months Warranty for In the Box Accessories,4.4
6,"OnePlus 10R (Sierra Black, 128 GB)","₹26,769",8 GB RAM | 128 GB ROM17.02 cm (6.7 inch) Display50MP Rear Camera5000 mAh Battery1 Year Manufacturer Warranty for Handset and 6 Months Warranty for In the Box Accessories,4.3
7,"OnePlus 11 5G (Titan Black, 128 GB)","₹52,899",8 GB RAM | 128 GB ROM17.02 cm (6.7 inch) Display50MP Rear Camera | 16MP Front Camera5000 mAh Batterydomestic warranty of 12 months on phone & 6 months on accessories,4.4
8,"OPPO A78 5G (Glowing Black, 128 GB)","₹21,999",8 GB RAM | 128 GB ROM16.66 cm (6.56 inch) HD+ Display50MP + 2MP | 8MP Front Camera5000 mAh Battery6833 Processor1 Year Manufacturer Warranty for Phone and 6 Months Warranty for In the Box Accessories,4.3
9,"vivo X90 (Asteroid Black, 256 GB)","₹53,999",8 GB RAM | 256 GB ROM17.22 cm (6.78 inch) Full HD+ Display50MP + 12MP + 12MP | 32MP Front Camera4810 mAh BatteryDimensity 9200 Processor1 Year Handset and 6 Months Accessories,4.4
10,"Apple iPhone 14 (Starlight, 512 GB)","₹85,999","512 GB ROM15.49 cm (6.1 inch) Super Retina XDR Display12MP + 12MP | 12MP Front CameraA15 Bionic Chip, 6 Core Processor Processor1 Year Warranty for Phone and 6 Months Warranty for In-Box Accessories",4.6
11,"vivo V23 Pro 5G (Sunshine Gold, 128 GB)","₹29,690",8 GB RAM | 128 GB ROM16.66 cm (6.56 inch) Full HD+ Display108MP + 8MP + 2MP | 50MP + 8MP Dual Front Camera4300 mAh Lithium BatteryMediatek Dimensity 1200 Processor1 Year Manufacturer Warranty for Phone and 6 Months Warranty for In the Box Accessories,4.3
12,"vivo V23 Pro 5G (Stardust Black, 128 GB)","₹29,865",8 GB RAM | 128 GB ROM | Expandable Upto 12 GB16.66 cm (6.56 inch) Full HD+ Display108MP + 8MP + 2MP | 50MP + 8MP Dual Front Camera4300 mAh Lithium BatteryMediatek Dimensity 1200 Processor1 Year Manufacturer Warranty for Phone and 6 Months Warranty for In the Box Accessories,4.3
13,"OPPO A79 5G (Glowing Green, 128 GB)","₹22,999","8 GB RAM | 128 GB ROM | Expandable Upto 1 TB17.07 cm (6.72 inch) Full HD+ DisplayRear Camera: 50MP AI Camera, 2MP Portrait Camera Front Camera: 8MP Selfie Camera | 8MP Front Camera5000 mAh Lithium Polymer BatteryMediatek Dimensity 6020 ProcessorBefore going on the market, the product has gone through 6 tests, namely drop, anti-splash, radiation, weather, slight drop, and signal tests, and 5 safety protection steps, namely durability, fire and flame retardant, temperature protection, noise safety, and battery protection. 50-plus production-related checks, 130-plus ultra-stringent reliability tests, and 320-plus comprehensive testing processes, just to provide OPPO enduring craftsmanship and quality.
[1-Meter Directional Drop Test]
[150-Circle Tumbling Test]
[14,000 Micro-Drop Test]
[Water-Spray Test]
[1,000 25Kg Soft Pressure Tests]
[Stress Bending Test]
[500,000 On Button Press Tests]
[20,000 USB Plug/Unplug Tests]
[65°C 95%RH 168H High Temperature and High Humidity Test]
[100,000-Plus Rigorous Quality Tests]
* The data here refers to laboratory test data only and is not intended for quality assurance in daily use. The actual situation will be slightly different due to different test software versions, test environments, and versions.12 Months on Handset and 6 Months on Adapter & Cable",4.3
14,"Apple iPhone 15 Pro (Blue Titanium, 512 GB)","₹1,61,990","512 GB ROM15.49 cm (6.1 inch) Super Retina XDR Display48MP + 12MP + 12MP | 12MP Front CameraA17 Pro Chip, 6 Core Processor Processor1 Year Warranty for Phone and 6 Months Warranty for In-Box Accessories",4.7
15,"IQOO Z7 Pro 5G (Graphite Matte, 128 GB)","₹24,442",8 GB RAM | 128 GB ROM17.22 cm (6.78 inch) Display64MP Rear Camera4600 mAh Battery1 Year on Handset and 6 Months on Accessories,4.5
16,"Tecno Phantom X 50MP Camera 48MP+8MP Selfie (Summer Sunset, 256 GB)","₹22,490",8 GB RAM | 256 GB ROM17.02 cm (6.7 inch) Display13MP Rear Camera4700 mAh Battery1 Year Warranty for Headset,4.1
17,"Apple iPhone 11 (Red, 64 GB)","₹43,900",64 GB ROM15.49 cm (6.1 inch) Liquid Retina HD Display12MP + 12MP | 12MP Front CameraA13 Bionic Chip ProcessorBrand Warranty of 1 Year,4.6
18,"SAMSUNG Galaxy S22 Plus 5G (Phantom Black, 128 GB)","₹69,999",8 GB RAM | 128 GB ROM16.76 cm (6.6 inch) Full HD+ Display50MP + 12MP + 10MP | 10MP Front Camera4500 mAh Lithium-ion BatteryQualcomm Snapdragon 8 Gen 1 Processor1 Year Manufacturer Warranty for Device and 6 Months Manufacturer Warranty for In-Box Accessories,4.5
19,"SAMSUNG Galaxy Z Flip4 5G (Pink Gold, 256 GB)","₹64,999",8 GB RAM | 256 GB ROM17.02 cm (6.7 inch) Full HD+ Display12MP + 12MP | 10MP Front Camera3700 mAh Lithium Ion BatteryQualcomm Snapdragon 8+ Gen 1 Processor1 Year Manufacturer Warranty for Device and 6 Months Manufacturer Warranty for In-Box Accessories,3.8
20,"vivo Y56 5G (Orange Shimmer, 128 GB)","₹21,399",8 GB RAM | 128 GB ROM16.71 cm (6.58 inch) Full HD+ Display50MP + 2MP | 16MP Front Camera5000 mAh BatteryMediatek Dimensity 700 Processor1 Year Manufacturer Warranty for Handset and 6 Months Manufacturer Warranty for In-Box Accessories,4.3
21,"Apple iPhone 13 Pro Max (Gold, 1 TB)","₹1,79,900",1 TB ROM17.02 cm (6.7 inch) Super Retina XDR Display12MP + 12MP + 12MP | 12MP Front CameraA15 Bionic Chip ProcessorBrand Warranty for 1 Year,4.6
22,"SAMSUNG Galaxy A52 (Awesome Blue, 128 GB)","₹22,999",8 GB RAM | 128 GB ROM | Expandable Upto 1 TB16.51 cm (6.5 inch) Full HD+ Display64MP + 12MP + 5MP + 5MP | 32MP Front Camera4500 mAh Lithium-ion BatteryQualcomm Snapdragon 720G Processor1 Year Warranty Provided by the Manufacturer from Date of Purchase,4.3
23,"SAMSUNG Galaxy S24 5G (Cobalt Violet, 512 GB)","₹89,999",8 GB RAM | 512 GB ROM15.75 cm (6.2 inch) Full HD+ Display50MP + 10MP + 12MP | 12MP Front Camera4000 mAh BatteryExynos 2400 Processor1 Year Manufacturer Warranty for Device and 6 Months for In-Box Accessories,4.3
